ACONDICIONAMIENTO DE LOCAL COMERCIAL,
ACONDICIONAMIENTO/MANTENIMIENTO INFRAEST,
ACTUALIZACION T.U.P.A. DEL S.A.T.P.,
ADJUDICACION VEHICULO MENOR,
AGUA TRATADA Y REPARACION DE FILTROS,
AGUA Y DESAGUE,
AJUSTE DE INDICE DEL PRECIO AL CONSUMIDOR,
"ALARMAS, IMPLEM, REP Y MANTENIM",
ALBA—ILERIA,
"ALFOMBRAS, LAVADO",
ALIMENTACION,
ALMUERZO,
ALQUILER DE AUDITORIO,
ALQUILER DE CAJA RECAUDADORA,
ALQUILER DE CAMION,
ALQUILER DE CAMIONETA,
ALQUILER DE COCHERA,
ALQUILER DE DEPOSITO VEHICULOS MENORES,
ALQUILER DE EQUIPO DE SONIDO,
ALQUILER DE ESTRADO,
ALQUILER DE GRUA,
ALQUILER DE LOCAL U OTROS,
ALQUILER DE MENAJE,
ALQUILER DE PANTALLA,
ALQUILER DE SILLAS PLASTICAS,
ALQUILER DE SONIDO,
ALQUILER DE TRAJE,
ALQUILER DE UNA CENTRAL TELEFONICA,
ALQUILER DE VEHICULO,
ALQUILER DISPOSITIVO CONECTIVIDAD (HUB),
ALQUILER EQUIPO DE COMPUTO,
ALQUILER EQUIPOS INALAMBRICOS,
ALQUILER FOTOCOPIADORA,
ALQUILER TABLERO MELAMINE/SOPORTE FIERRO,
ALQUILER TELAS Y OTROS PARA EVENTO,
AMPLIACION ALQUILER DE ANEXOS,
AMPLIACION DE CARGA INSTALADA,
AMPLIACION DE TRABAJOS CON MELAMINE,
AMPLIACION DE UND.DE ARCHIVO GENERAL(DEPOSITO DEL SATP),
AMPLIACION POLIZA SEGUROS PATRIMONIALES,
AMPLIAR ALTURA DE TORRE (DE 15 A 18 MTS),
AMPLIAR MARCO FIERRO (PANEL OVALO GRAU),
AMPLIAR POTENCIA (ENERGIA ELECTRICA),
ANILLADO,
"ANIMACION ""HORA LOCA""",
ANIMACION ARTISTICA,
ANIMACION DE EVENTOS,
APOYO A ARCHIVO Y DIGITALIZACION,
APOYO A DIVISION DE CONTABILIDAD,
APOYO A DIVISION DE EJECUCION COACTIVA,
APOYO A DIVISION IMAGEN INSTITUCIONAL,
APOYO A EMISIONES Y NOTIFICACIONES,
APOYO A ESPEC.RECAUDACION DE MERCAD         0000000000000000,
APOYO A FISCALIZACION TRIBUTARIA,
APOYO A FISCALIZACON NO TRIBUTARIA,
APOYO A GERENCIA DE OPERACIONES,
APOYO A GERENCIA GENERAL Y OPERACIONES,
APOYO A LA DIVISION DE COBRANZAS,
APOYO A LA GERENCIA GENERAL,
APOYO A LA UNIDAD DE FISCALIZACION,
APOYO A LA UNIDAD DE LOGISTICA,
APOYO A LA UNIDAD DE RECAUDOS,
APOYO A LA UNIDAD DE REGISTRO,
APOYO A OFICINA DE IMAGEN INSTITUCIONAL,
APOYO A REGISTRO TRIBUTARIO,
APOYO AL DEPARTAMENTO DE CONTABILIDAD,
APOYO AL DEPARTAMENTO DE GESTION DE COBRANZAS,
APOYO AL DEPARTAMENTO DE INFORMATICA,
APOYO AL DEPARTAMENTO DE RECURSOS HUMANOS,
APOYO AL DEPARTAMENTO DE TESORERIA,
APOYO AL DPTO DE LOGISTICA Y CONTROL PATRIMONIAL,
APOYO AL DPTO DE RECLAMOS Y DEVOLUCIONES,
APOYO AL DPTO. DE SERVICIOS AL CONTRIBUYENTE,
APOYO AL ORGANO DE CONTROL INSTITUCIONAL,
APOYO ARQUEO DE RECIBOS FLUIDO ELECTRICO,
APOYO CAMARA FRIGORIFICA MERCADO CENTRAL,
APOYO DE VIGILANCIA Y SEGURIDAD,
APOYO EN COBRANZA DE TASAS UNIDAD MERCAD,
APOYO EN COBRANZAS DE UNIDAD MERCADO,
APOYO EN DEPARTAMENTO DE INFORMATICA,
APOYO EN DIGITACION A EMISIONES Y NOTIFICACIONES,
APOYO EN DIVISION RECLAMOS/DEVOLUCIONES,
APOYO EN LA DIVISION DE CONTABILIDAD,
APOYO EN LA UNIDAD DE ARCHIVO GENERAL,
APOYO EN LA UNIDAD DE PERSONAL,
APOYO EN LABORES DE CONSERJERIA,
APOYO EN LABORES DE VIGILANCIA,
APOYO EN MESA-UNIDAD DE RECAUDOS,
APOYO EN OFICINA DE ASESORIA LEGAL,
APOYO EN OFICINA DE PLANEAMIENTO Y PRESUPUESTO,
APOYO EN RECAUDACION DE DEUDAS NO TRIBUTARIAS,
APOYO EN SERVICIO TECNICO,
APOYO EN UNIDAD DE MERCADO (SS.HH.),
APOYO EN UNIDAD DE ORIENTACION CONTRIBUY,
APOYO EN UNIDAD DE PROGRAMAS ESPECIALES,
APOYO NOTIFICACION RECAUDOS VARIOS,
APOYO POLICIAL,
APOYO UNIDAD COBRANZAS ESPECIALES Y FRAC,
APOYO UNIDAD MULTA ADMINISTRATIVA/TRANSI,
ARBITRIOS DEPOSITO BIENES CALLE LIMA/SATP,
ARBITRIOS LOCAL CENTRAL S.A.T.P. PERIODO 2013,
ARBITRIOS LOCAL CENTRAL S.A.T.P. PERIODO 2014,
ARBITRIOS WAN,
ARREGLO DE PISO EN CAJA (PLATAFORMA),
ARREGLO ESTRUCTURA METALICA ESTRADO SATP,
ARREGLO Y LIMPIEZA OFICINA ARCHIVO GRAL.,
ARREGLO/CLASIFICAC./EMPACADO CAJAS EXPED,
ARRENDAMIENTO(JR.HUALLAGA LOT.17-PACHITEA-PIURA),
ARRENDAMIENTO(URB. LATINA-LOS CEIBOS,
ASESORIA A GERENCIA GENERAL,
ASESORIA COMUNICACION CORPORATIVA Y DISEÒO PUBLICIDAD,
ASESORIA EXTERNA,
ASESORIA EXTERNA COBRANZA NO TRIBUTARIA,
ASESORIA LEGAL EXTERNA A LA GERENCIA DE ADMINISTRACION,
ASESORIA LEGAL EXTERNA A LA GERENCIA DE OPERACIONES,
ASESORIA LEGAL EXTERNA GERENCIA GENERAL,
ASESORIA LEGAL Y NOTARIAL,
ASESORIA Y APOYO A LA GERENCIA DE OPERACIONES,
AUDITORIA,
AUSPICIO,
AUTORIZACION MINISTERIO DEL INTERIOR,
AUTORIZACION PARA EL USO OBRAS MUSICALES,
AVISO EN DIARIO,
AVISO PUBLICITARIO EN REVISTA,
BASE DE DATOS,
"BATERIAS, RECARGA Y REPARACION",
CAMBIO DE CHAPA Y MANTENIMIENTO,
CAMBIO DE MALLA PARA ANFORA,
CAMBIO DIARIO NUMEROS (VINIL) EN BANERS,
CANCELACION POR SORTEO,
CAPACITACION,
CAPACITACION,
CARPINTERIA DE ALUMINIO,
CARPINTERIA DE MADERA,
CARPINTERIA METALICA,
CENA,
CENTRAL TELEFONICA,
CERRAJERIA,
CHARLA DE MOTIVACION AL PERSONAL,
CLASIFICAR CARTERA TRIBUTARIA (1992-2002,
COBRANZAS,
COFFE BREAK,
COMPAGINACION DECLARACIONES JURADAS,
COMPRA DE CINTAS,
COMUNICACION PUBLICA DE OBRAS MUSICALES,
COMUNICADO EN DIARIO,
"CONEXION,INTALACION DE TELEFONO",
CONFECC./INSTALAC. TORRE (OF. MERCADO),
CONFECCION DE ANDAMIO METALICO,
CONFECCION DE CAJO/PARA SEPARAR BILLETES,
CONFECCION DE CASETA DE VIGILANCIA,
CONFECCION DE ESCALERA METALICA,
CONFECCION DE ESTRUCTURAS METALICAS,
CONFECCION DE MAQUETA DE TORTA,
CONFECCION DE MARCOS,
CONFECCION DE MUEBLE DE MELAMINE,
CONFECCION DE PANELES,
CONFECCION DE PERGAMINOS,
CONFECCION DE RULETA,
CONFECCION DE SEPARADOR Y REPISA,
CONFECCION DE UNIFORMES,
CONFECCION DE VIDEOS INSTITUCIONALES,
CONFECCION DE VOLANTES,
CONFECCION E INSTALACION DE ESCULTURA METALICA DE NAVIDA,
CONFECCION E INSTALACION DE SOBREPUERTA,
CONFECCION PANEL TRIPLAY 4.60*1.60,
CONFECCION REJILLA DE FIERRO,
CONFECCION Y PINTADO DE BANDEROLA,
CONFECCION/INSTAL.PANEL DE TRIPLAY Y LIS,
CONFECCION/INSTALACION CERCO METALICO,
CONSTRUCCION DE OFICINA,
"CONSULTAS EN LINEA, VIA INTERNET",
CONSULTAS POR INTERNET-REGIST.PUBLICOS,
CONSULTORIA DEL PERFIL P.I.P.,
CONSULTORIA PARA ELABORACION DEL ESTUDIO PREINVERSION,
CONSUMO DE ELECTRICIDAD,
CONTRIBUCION,
CORTADO DE CARTULINA DUPLEX A T/OFICIO,
CORTADO DE PAPEL BOND A4 EN A5,
CORTE DE FORMICA Y PEGADO,
"CORTINAS, CONFECCIONES Y LAVADO",
COSTO OPERATIVO CURSO CONATA,
COURRIEL - MENSAJERIA,
CUOTA MENSUAL,
DECORACION DE AMBIENTES,
DECORACION Y ARREGLOS,
DERECHO DE DESIGNACION Y/O SUPERVISION,
DERECHO DE TRAMITE,
DESARMADO Y ARMADO DE MUEBLES,
DESARROLLO PORTAL WEB ADMINISTRABLE SATP,
DESARROLLO SOFTWARE (SISTEMA DE COLAS),
DESAYUNO,
DESINSTALACION DE BANDEROLAS,
DESINSTALACION DE VINILES,
DESMONTAJE DE EQUIPO AIRE ACONDICIONADO,
DESMONTAJE MURO DE TRIPLAY,
"DESMONTAJE, CORTE Y MONTAJE MELAMINE",
DIAGNOSTICO SERVIDOR IBM 8658-61Y,
DIAGNOSTICO-ANALISIS TRAFICO DE RED,
DIFUSION DE AVISOS PUBLICITARIOS,
DIFUSION DE LA O.M. 142-00-CMPP Y GESTION DE COBRANZAS,
DIGITACIOON EN LA UNIDAD MERCADO,
DIRECTORIO POLICIAL,
DISEÒO Y ASESORIA PUBLICITARIA,
DISEÒO Y DIAGRAMACION,
DISEÒOS DE AVISOS PUBLICITARIOS,
DISTRIBUCION DE CORRESPONDENCIA SEL/SEN,
ELAB. ARANCELES PARA ZONAS NO ARANCELADAS PARA EL 2014,
ELABORACION ARANCELES DE ZONAS NO ARANCELADAS 2015,
ELABORACION DE EXPEDIENTE TECNICO,
ELABORACION DE ORDENANZA MUNICIPAL,
ELABORACION DE PROYECTO,
ELABORACION DE REGLAMENTO DE SERV.EDUCATIVOS TRAB/SATP,
ELABORAR TERMINOS REFERENCIA INV. PUB.,
ELABORAR TERMINOS REFERENCIA SUPERVISION,
ELABORAR VENTANAS Y PINTADO,
ELABORAR VENTANILLA DE PORTERIA,
EMPADRONAMIENTO,
EMPASTADO DE LIBROS,
EMPASTADO DE LIBROS CONTABLES,
EMPLANCHADO DE PARED,
ENCUADERNACION DE AUTORIZACION DE EXTORNO,
ENCUADERNACION DE BOLETAS DE PAGO,
ENCUADERNACION DE COMPROBANTES DE PAGO,
ENCUADERNACION DE LIBROS,
ENCUADERNACION DE LIBROS CONTABLES,
ENCUADERNACION DE LIBROS DE A.M.C.,
ENCUADERNACION DE NOTAS DE SALIDA,
ENCUADERNACION DE PLANILLAS,
ENCUADERNACION DE REMITOS,
ENCUADERNACION DE RESOLUCIONES,
ENCUADERNACION DE TARJETAS,
ENCUDERNACION DE COMPROBANTES,
ENERGIA ELECTRICA,
ENMARCADO 80 X 100 CM,
ENSAMBLADO DE GABINETE,
"EQUIPOS DE COMPUTO Y UPS, REPR.Y MANT.",
ESPECIALISTA EN CONTRATACIONES DEL ESTADO,
ESPECIALISTA EN PUBLICIDAD,
ESPIRALADO,
ESTAMPADO DE POLOS,
ESTUDIO DE AUDENCIA RADIAL,
ESTUDIO SOCIOECONOMICO DE LA CARTERA,
EVALUACION IMPACTO BENEFICIO SOCIO-ECONOMICO DE PREMIOS,
EVALUAR/REVISAR SISTEMA WIRELESS PUNTO A,
"EXPEDICION DE TICKETS,ATENCION AL PUBLIC",
EXPOSICION DE MARCA,
FIJAR ESTANTES,
FIXTURE,
FLETE,
FOLIACION DE PAPEL CONTINUO,
FOTOCOPIADO,
FOTOGRAFIA,
FOTOGRAFIA Y FILMACIONES,
FUMIGACION Y ASEO DE LOCALES,
GARANTIA,
GASFITERIA,
GASFITERIA,
GASTO COMUN FIJO,
GASTOS,
GESTION COBRANZA POR EQUIFAX (INFOCORP),
"GRABACION,PRODUCCION,EDICION DE VIDEO",
GRUPO MUSICAL,
HABILITACION DE PUNTOS TELEFONICOS,
HOSPEDAJE Y ALIMENTACION,
IMPLEMENTACION DE PUNTOS DE VOZ,
IMPLEMENTACION MEJORAS MODULO COACTIVO SATP,
IMPLEMENTACION PLATAFORMA TECNOLOGICA DE AGENCIA SATP,
IMPLEMENTACION PUNTOS DE RED (DATA),
IMPLEMENTAR PUNTOS DE TOMAS ELECTRICAS,
IMPLEMENTAR V.P.N. ENTRE SATP Y AGENCIA C.C. REAL PLAZA,
IMPRESION (DIVISION COBRANZAS),
IMPRESION DE VALORES SISA - MERCADO,
"IMPRESOS, COPIADO Y EMPASTADOS",
IMPUESTO A LA RENTA (PRIMERA CATEGORIA),
IMPUESTO DE ALCABALA,
IMPUESTO PREDIAL,
INDICE PRECIO AL CONSUMIDOR REFINANCIAMIENTO,
INFOINTERNET,
INFOINTERNET,
INFORMACION SUNARP (BASE DATOS VEHICULAR,
INFORME TECNICO DE EVALUAC. PERFIL PROYE,
INSCRIPCION A CURSO DE CAPACITACION,
INSCRIPCION DE EQUIPO DE AJEDREZ,
INSCRIPCION DE EQUIPO DE VOLEY MIXTO,
INSCRIPCION DE EQUIPO FULBITO MASTER,
INSCRIPCION EQUIPO DE FULBITO LIBRE,
INSCRIPCION EQUIPO DE FUTBOL SATP,
"INSTAL.DUCTOS,CANALETAS,RED DATOS INTERN",
INSTALACION CERCO DE ALAMBRE CON PUAS,
INSTALACION CIRCUITO DE AUDIO Y TV,
INSTALACION DE 02 CABLEADOS DE RED,
INSTALACION DE AVISOS PUBLICITARIOS,
INSTALACION DE BANDEROLAS,
INSTALACION DE BOMBA CONDENSADO 2 LITROS,
INSTALACION DE CENTRAL TELEFONICA,
INSTALACION DE CHAPA ELECTRICA,
INSTALACION DE CHAPA EN PUERTA,
INSTALACION DE CHAPAS Y ARREGLO DE ESCRITORIOS,
INSTALACION DE CUADROS EN M.P.P.,
INSTALACION DE ECRAN,
INSTALACION DE EQUIPO AIRE ACONDICIONADO,
INSTALACION DE EQUIPO DE AUDIO,
INSTALACION DE EQUIPOS INALAMBRICOS,
INSTALACION DE FLUXOMETRO,
INSTALACION DE GIGANTOGRAFIAS (BANNERS),
INSTALACION DE GLOBO,
INSTALACION DE MARCOS ACRILICOS,
INSTALACION DE MEDIDOR ELECTRICO,
INSTALACION DE PIZARRA ACRILICA,
INSTALACION DE PUNTOS DE LUZ,
INSTALACION DE RED INTERNA DE DATOS,
INSTALACION DE SENSORES,
INSTALACION DE SISTEMA CAMARA DE VIDEO,
INSTALACION DE SISTEMA DIGITAL-CCTV,
INSTALACION DE SOPORTES DE ALAMBRE GALVANIZADO,
INSTALACION DE TAPIZON,
INSTALACION DE TECHOS DE CALAMINON,
"INSTALACION DE TOLDO, SILLAS Y MESAS",
INSTALACION DE TOMA MONOFASICA,
INSTALACION DE VENTILADOR,
INSTALACION DE VINILES-BANDEROLAS,
INSTALACION ELECTRICA,
"INSTALACION ELECTRICA, Y DE PUNTOS RED",
INSTALACION INFLABLE MODELO PERA INVERT.,
INSTALACION LETREROS (SEÒALETICA),
INSTALACION PUERTA,
INSTALACION PUNTO DE RED Y ELECTRICO,
INSTALACION RED DE DATOS CAT. 06,
INSTALACION RELOJ CRONOMETRO DIGITAL,
INSTALACION SOPORTE CADENA Y ROMPEMUELLE,
INSTALACION TENDIDO DE TUBERIAS,
INSTALACION Y ACONDICIONAMIENTO,
INSTALACION Y CONFIGURACION DE SERVIDOR,
INSTALACIONES ELECTRICAS,
INSTALAR AFICHES EN ESTRUCTURAS PUBLICIT,
INSTALAR BACKLIGHT,
INSTALAR KIT MANTENIMIENTO LEXMARK T630,
INSTALAR Y CAMBIO COMPRESOR (3HP 220 V.),
INTERNET,
INTERNET INALAMBRICA,
INTERNET MOVIL,
INTERVENCION DE VEHICULOS,
JARDINERIA,
LABORES DE INVENTARIO DE EXPEDIENTES,
LABORES DE INVENTARIO FISICO,
LEGALIZACION DE LIBROS,
"LIMPIAR,ORDENAR AULA E INSTALAR SONIDO",
LIMPIEZA DE CAMIONETA DEL SORTEO,
LIMPIEZA EN SS.HH. COMPLEJO MERCADOS,
LIMPIEZA Y MANTENIMIENTO,
MANT. GRUPOS ELECTROGENOS DIESEL,
MANT. Y REPARAC. BOMBAS Y REBOBINADOS,
MANTENIM. PREVENT. UNID. COMPLEMENT. IMPRESORA HP 9050D,
MANTENIMENTO DE EXTINTOR PQS 06 KILOGRAMOS,
MANTENIMIENTO CAMARAS DE VIDEO,
MANTENIMIENTO CORRECTIVO SISTEMA ELECTRI,
MANTENIMIENTO DE CAMARAS FRIGORIFICA(MERCADO CENTRAL),
MANTENIMIENTO DE CENTRAL TELEFONICA,
MANTENIMIENTO DE DOMINIO SATP,
MANTENIMIENTO DE FIREWALL JUNIPER NETWORK,
MANTENIMIENTO DE GLOBO PUBLICITARIO,
MANTENIMIENTO DE IMPRESORA KYOCERA FS 9530DN,
MANTENIMIENTO DE IMPRESORAS MATRICIALES,
MANTENIMIENTO DE MOTOR DE GLOBO INFABLE,
MANTENIMIENTO DE PUERTAS ENROLLABLES,
MANTENIMIENTO DE TECHO DE COCHERA,
MANTENIMIENTO DE TECHOS,
MANTENIMIENTO DE TORRE (OF. CENTRAL),
MANTENIMIENTO DE UPS,
MANTENIMIENTO DEL GENERADOR,
MANTENIMIENTO ELECTROBOMBA (CAMARA FRIG),
MANTENIMIENTO ELECTROBOMBA (SSHH MERCADO,
MANTENIMIENTO EN GENERAL,
MANTENIMIENTO EQUIPO A. ACOND. SPLIT 36000 BTU,
MANTENIMIENTO EQUIPO A. ACOND. VENTANA 12000 BTU,
MANTENIMIENTO EQUIPO AIRE ACONDICIONADO,
MANTENIMIENTO EQUIPOS DE OFICINA,
MANTENIMIENTO FOTOCOPIADORA KONICA MINOL,
MANTENIMIENTO FOTOCOPIADORA TOSHIBA E-STUDIO 181,
MANTENIMIENTO GENERAL DE MOTOCICLETAS,
MANTENIMIENTO HP M4345MFP (INSTALAR KIT),
MANTENIMIENTO IMPRESORA LEXMARK,
"MANTENIMIENTO IMPRESORAS LASER JET ""HP""",
MANTENIMIENTO LOGICO DE LA SOLUCION BLADE,
MANTENIMIENTO PREVENTIVO,
MANTENIMIENTO PREVENTIVO IMPRESORA HP 4014/4015,
MANTENIMIENTO PREVENTIVO UNID. BASICA IMPRESORA HP 9050DN,
MANTENIMIENTO TUBERIAS (CAMARA FRIGORIF),
MANTENIMIENTO-CAMBIO BATERIAS DE UPS,
MANTENIMIENTO-REPARACION ELECTROBOMBAS,
MANTENIMIENTO-REPARACION VENTILADORES,
MARTILLERO PUBLICO,
MEDICION-MANTENIMIENTO DE POZO A TIERRA,
MEDICION-MANTENIMIENTO DE SCANNER,
MEMORIA DE GESTION,
MICROPROGRAMA TELEVISIVO,
MIGRACION DE DATOS NUEVO SISTEMA MERCADO,
MIGRACION INFOINTERNET 1 MBPS,
MOVILIDAD,
MOVILIDAD Y TRASLADO DE PERSONAL,
MULTAS,
NOTIF. DE RECIBOS DE LICENCIA - AGOSTO,
NOTIFICAC. DE CARTAS A TRANSPORTISTAS,
"NOTIFICAC.,COMPAGINAC. Y RETORNO SOBRES",
"NOTIFICACION DE CARTAS,RECAUDOS Y OTROS",
NOTIFICACION DE DOCUMENTOS VARIOS Y CARTAS,
NOTIFICAR DD.JJ. 2010 A LOS PRICOS,
NUMERACION DE FORMATOS,
OBRAS CIVILES,
OPERACIONES EN LINEA,
ORDENAMIENTO PUBLICO CONTRIBUYENTE.,
ORDENAR CABLES EN PLATAFORMA SATP,
PAGO DE ARBITRIOS MUNICIPALES,
PAGO DE DERECHOS A SUNARP,
PAGO DE FLETE,
PAGO DE INCRIPCION A ASAT,
PAGO DE INTERESES,
PAGO DE REINTEGRO,
PAGO DE TASA A SUNARP,
PAINTBALL (JUEGO),
PATRULLAJE MOTORIZADO,
PERIFONEO,
PERITAJE DE VEHICULOS MENORES,
PERSONALIZACION DE CARPETAS TRIBUTARIAS 2014,
PERSONALIZACION DE CARPETAS TRIBUTARIAS 2015,
PINTAR KIOSCO (LUSTRABOTAS/VENTA PERIOD),
PLAN INTERNET MOVIL (C) 10GB,
PLAN PARA MIGRACION DE BASE DE DATOS,
POLIZA DE SEGUROS PATRIMONIALES,
POLIZA SCTR PENSION,
POLIZA SCTR SALUD,
"PRE PRODUCCION,PRODUCCION TV-SATP",
PREMIACION TRABAJADOR PUNTUAL,
PREMIO A TRABAJADOR,
PREPARACION  EXPOTRIBUTA,
PREPARACION DE BUFFET,
PREPARACION DE NOTA PERIODISTICA Y DISE;O PUBLICITARIO,
PREPARACION DE REFRIGERIOS (BOCADITOS),
PRIMAS DE POLIZAS DE SEGUROS,
PROCESO BATCH ENRIQUECIMIENTO DE INFORMACION,
PRODUCCION AUDIOVISUAL,
PRODUCCION FOTOGRAFICA,
PROFESIONAL ARQUITECTO,
PROFESIONAL EN INGENIERIA CIVIL O ARQUITECTURA,
PROFESIONAL EN PERIODISMO,
PROFESIONAL TECNICO EN COMUNICACION,
PROFESIONAL TECNICO EVALUACION DE RIEGOS,
PUBLICACION AVISO DE REMATE,
PUBLICACION AVISO DE REMATE 1ERA CONVO,
PUBLICACION AVISO REMATE 2DA CONVO,
PUBLICACION EN DIARIO,
PUBLICIDAD,
PUBLICIDAD EN DIARIO,
PUBLICIDAD EN PAGINAS AMARILLAS,
PUBLICIDAD EN REVISTA,
PUBLICIDAD EN TELEVISION,
PUBLICIDAD RADIAL,
PUBLICIDAD Y SERIGRAFIA,
QUEMADO DE PLACAS,
REACONDICIONAMIENTO TABLEROS INTERIORES,
RECABLEADO SISTEMA ALARMAS - CT,
RECARGA DE EXTINGUIDORES,
RECARGA DE EXTINTOR CO2,
RECARGA DE EXTINTOR DE PQS,
RECARGA EXTINTOR 05 KG. CO2,
RECARGA EXTINTOR 06 KG. CO2-PQS,
RECARGA EXTINTOR 06 KG. POLVO QUIMICO SE,
RECARGA EXTINTOR 09 KG. POLVO QUIMICO SE,
RECARGA EXTINTOR 12 KG. POLVO QUIMICO SE,
RECARGA EXTINTOR 6 KG DE CO2,
RECAUDACION EN SS.HH. COMPLEJO MERCADOS,
REDISEÒO DE IDENTIDAD CORPORATIVA,
REFACCION  Y MANTENMIENTO DE PUERTA DE VIDRIO,
REFACCION Y AMBIENTACION DE OFICINA,
"REFACCION,SOLDAD.Y PINTADO BASUREROS MPP",
REFRIGERIO,
REINSTALACION DE ALARMA A NUEVA CENTRAL,
REINSTALACION DE EQUIPO A. ACONDICIONADO,
REINSTALACION DE GIGANTOGRAFIAS,
RELEVO COBR. PARQUEO TERMINAL EL BOSQUE,
REMODELACION DE BAÒOS - LOCAL SATP,
REMODELACION DE ESCRITORIO,
REMODELAR PANEL PUBLICITARIO OVALO GRAU,
RENOVACION ANUAL DEL SERVICIO DOMINIO,
RENOVACION DE LICENCIAS PANDA ANTIVIRUS,
RENOVACION LICENCIA ANTIVIRUS ESET END PONT SECURITY V5,
RENTA FIJA,
"REORD. RACKS,CABLEADO TELEF,LINEAS TRONC. CUARTO COMUNICACIO",
REPARACION CAMARA FRIGORIFICA,
REPARACION DE ANFORA METALICA DE BOLETOS,
REPARACION DE BANDEJA DE IMPRESORA T630,
REPARACION DE ELECTROBOMBA SS.HH. MERCAD,
REPARACION DE EQUIPOS DE TELEFONIA,
REPARACION DE KIOSKOS METALICOS,
REPARACION DE MUEBLES EN MELAMINE,
REPARACION DE PERIODICO MURAL -SATP,
REPARACION DE TECHO,
REPARACION ELECTROBOMBA (CAMARA FRIGORI),
REPARACION EN SERVICIOS HIGIENICOS,
REPARACION GLOBO PUBLICITARIO,
REPARACION TARIMA DE FIERRO DE 4*2 METRO,
REPARACION Y MANTENIMIENTO,
REPARACION/MANTENIMIENTO CAMARAS FRIGORI,
REPARACION/MANTENIMIENTO RELOJ PUBLICITA,
REPARACIONES ELECTRICAS Y SIMILARES,
REPARACION-INSTALACION DE ELECTROBOMBA,
REPARAR FUENTES DE PODER,
"REPARAR HD`S, INSTALAR/CONFIGURAR S.O.",
REPARAR TOLDO (DEPOSITO BIENES SATP),
REPARAR Y CUBRIR TECHO CON TECNOPORT,
REPARTO DE AVISOS DE COBRANZA,
REPARTO DE CARTAS,
REPARTO DE CARTAS Y TARJETAS DE INVITAC.,
REPARTO DE RECAUDOS VARIOS,
REPARTO DE TRIPTICOS A CONTRIB.CPSATP,
REPARTO DE VOLANTES,
REPARTO DE VOLANTES IV TRIMESTRE 2007,
REPONER/SOLDAR TUBO TEMPLADOR (ASEGURAR),
REPOSTERIA,
RESGUARDO POLICIAL LOCAL SATP,
RESGUARDO POLICIAL SSHH COMPLEJO MERCADO,
REUBICACION DE CAMARA,
REUBICACION DE RACKS,
REUBICACION E INSTALACION DE TICKETERA,
REUTILIZAR MELAMINE PARA ELABORAR BIENES,
REVISION DE LA O.M. N∫ 121-00-CMPP,
REVISION DE PROYECTOS C.C. REAL PLAZA,
REVISION Y REPARACION DE UPS,
SEGURIDAD,
SEGURIDAD ADICIONAL,
SEGURO VEHICULAR,
SEGUROS PATRIMONIALES,
SELLOS DE JEBE,
SEMINARIO TALLER,
SEMINARIO TALLER:ACTUALIZACION LABORAL,
SEÒAL DE TELEVISION POR CABLE,
SER.DE SANEAMIENTO AMBIENTAL,
SERV APOYO A UNIDAD PROGRAMAS ESPECIALES,
SERV TECNICO A IMPRESORA MATRICIAL 890,
SERV. ALQUILER IMPRESORA FOTOCOPIADORA,
SERV. ALQUILER IMPRESORA MASIVA 2012,
SERV. APOYO DIV.ACTUALIZACION TRIBUTARIA,
SERV. ASESOR. COMUNIC CORPORATIVA/DISE—O,
SERV. ASESORIA EXTERNA EN CONTRATACIONES DEL ESTADO,
SERV. CONFECCION DE REGLAMENTOS,
SERV. DE ALQUILER DE TABLONES,
SERV. DE ALQUILER SALA DE EVENTOS,
SERV. DE APOYO A GERENCIA DE OPERACIONES,
SERV. DE ARREGLO Y LIMPIEZA DE ACRILICO,
SERV. DE INSTALACION DE ADAPTADOR RCA,
SERV. DE INTALACION DE ADAPTADOR DE RCA,
SERV. DE NOTIFIC.SOBRES/TARJETAS CPSATP,
SERV. DE NOTIFICACION DE RECIB. DE COBR.,
SERV. DE NOTIFICACION DE VOLANTES Y BCP,
SERV. DE PROCEDIMIENTOS DE INSPECCION,
SERV. DE REEMPLAZO PERSONAL DE VIGILANC.,
SERV. DE SUPERVISION Y APOYO INFORMATICO,
SERV. DE VIGILANCIA,
SERV. DE VIGILANCIA TURNO NOCHE,
SERV. ELABORAC. DE PLANOS Y OTROS DCTOS.,
SERV. IDENTIF. Y ELABORACION DE PROCEDIM. ARCHIVISTICOS,
SERV. INSTALACION DE UPS Y TRANSFORMADOR,
SERV. LIMPIEZA DE DESMONTE,
SERV. NOTIFICAC. TRIPTICOS CPSATP/CARTAS,
SERV. PROVISION DE FONDOS,
SERV. RECARGA DE EXTINTOR CO2 DE 6 KG,
SERV. RECARGA DE EXTINTOR PQS-ABC 10 KG,
SERV. REPARACION DE COMPONENTES DE IMPR.,
SERV. REPARTO DE INFORMATIVO PURO PIURA,
SERV. SUPERVISION DE ENTREGA DE CUPONES,
SERV.APOYO A UND/RECAUDOS,
SERV.APOYO PROGR.DE FISCALIZACION,
SERV.APOYO TOMA DE INVENTARIO,
SERV.APOYO-IMPRESION D/JURADA,
SERV.CAMBIO DE CLAVES,
SERV.COMPAGINACION-DECL/JURADAS,
SERV.CONFECCION DE MODULO PARA GENERADOR,
SERV.DE AP. EN VERIFICACION DE TERRENOS,
SERV.DE APOYO/FERIA/EXPO TRIBUTA,
SERV.DE APOYO/LABORES ENCOMENDADAS,
SERV.DE CARPINTERIA METALICA Y ALBA—ILERIA,
SERV.DE COMPAG.Y ZONIFIC.DE RECAUDOS,
SERV.DE CONFECCION DE PIEZAS,
SERV.DE CORTE Y ARREGLO DE ESCRITORIO,
SERV.DE DIAGNOSTICO DE RED DE DATOS,
SERV.DE FONDEADO Y PINTADO DE BANDEROLAS,
SERV.DE INSTALACION DE GRUPO ELECTROGENO,
SERV.DE MODIF. DE DISE—O DE BANDEROLAS,
SERV.DE NOTIF/PROGR.,
SERV.DE REP. DE EQUIPOS DE COMPUTO,
SERV.DE TRASLADO DE BIENES,
SERV.EXPOSICION EN SEMINARIO,
SERV.FISCALIZ EN PROGRAMA,
SERV.IMPRESION DE REPORTES,
SERV.REESTRUCTURACION DEL CUARTO DE COMUNICACIONES,
SERV.TECNICO MANTENIMIENTO,
SERV.TECNICO MANTENIMIENTO-VENTILADORES,
SERV.TECNICO Y MANTENIMIENTO DE MOTO,
SERV.TELEF.CELUL PLAN 335 CDI SORTP+RPP,
SERV.TELEF.CELULAR PLAN 125 CDI,
SERV.TELF.CELULAR PLAN 200 CDI SORTP+RPP,
SERVI.DE APOYO A UNIDAD DE REGISTRO,
SERVIC. DE APOYO EN LABORES DE AUDITORIA,
SERVIC. DE COMPAGINACION SOBRES Y CARTAS,
SERVIC. DE CONFIGURACION DE SERVIDOR WEB,
SERVIC. DE ELABORACION DE PROYECTOS,
SERVIC. DE PRODUCCION DE SPOT TELEVISIVO,
SERVIC. DE REPARTO DECLARACIONES JURADAS,
SERVIC. NOTIFICAC. DECLARACIONES JURADAS,
SERVIC. REPARTO DE TARJETAS DE CUMPLEA—O,
SERVIC. REPARTO DE VOLANTES TRIBUTA 2005,
SERVICIO  HONORARIOS POR CAPACITACION,
SERVICIO ADICIONAL (CENA Y SILLAS/MESAS),
SERVICIO ALQUILER DE CUERPOS DE ANDAMIO,
SERVICIO ANALISIS DE HARDWARE Y SOFTWARE,
SERVICIO APOYO UNIDAD PERSONAL/LOGISTICA,
"SERVICIO CONSTRUCCION,INSTALACION Y MANTENIMENTO",
SERVICIO CONTRUCCION DE CIELO RAZO,
SERVICIO DE ACONDICIONAMIENTO DE AMBIENTE CON DRYWOLL,
SERVICIO DE ALBA—ILERIA,
SERVICIO DE ALQUILER DE EQUIPO,
SERVICIO DE ALQUILER DE MOBILIARIO,
SERVICIO DE ALQUILER DE TRAJE,
SERVICIO DE ANALISIS DE LAS TASAS EN EL TUPA,
SERVICIO DE ANUNCIO PAGINAS AMARILLAS,
SERVICIO DE APOY. DE LIMPIEZA,
SERVICIO DE APOYO A TESORERIA,
SERVICIO DE APOYO A UNIDAD DE RECAUDOS,
SERVICIO DE APOYO COACTIVO,
SERVICIO DE APOYO EN DIGITACION,
SERVICIO DE APOYO EN ENTREGA DE AFICHES,
SERVICIO DE APOYO EN LABORES DE CONSERJE,
SERVICIO DE APOYO EN OPERATIVO CPSATP,
SERVICIO DE APOYO EN VIGILANCIA,
SERVICIO DE APOYO LOGISTICO.,
SERVICIO DE AUSPICIO EN DIARIOS,
SERVICIO DE CARPINTERIA,
SERVICIO DE CATERING,
SERVICIO DE CENA,
SERVICIO DE CENTRAL TELEFONICA SATP,
SERVICIO DE CERRAJERIA,
SERVICIO DE COCHERA,
SERVICIO DE COMPAGINACION DE TARJETAS,
SERVICIO DE COMPARSA,
SERVICIO DE CONDUCTOR DE VEHICULO,
SERVICIO DE CONFIGURACION DE SOFTWARE.,
SERVICIO DE CONSULTORIA,
SERVICIO DE CONSULTORIA,
SERVICIO DE COPIADO Y IMPRESION,
SERVICIO DE CORTADO DE PAPEL A4,
SERVICIO DE CORTE DE PAPEL,
SERVICIO DE DECORACION DE TORTA,
SERVICIO DE DESINSTALACION DE BANDEROLAS,
SERVICIO DE DESRATIZACION,
SERVICIO DE DIAGNOSTICO,
SERVICIO DE DIAGRAMACION PUBLICITARIA,
SERVICIO DE DISE—O CP SATP,
SERVICIO DE DISE—O DE SPOT,
SERVICIO DE DISE—O Y DIAGRAMACION,
SERVICIO DE ENCENDIDO AUTOMATICO,
SERVICIO DE ENMARCADO,
SERVICIO DE ESPECIALISTA EN CONTRATACIONES DEL ESTADO,
SERVICIO DE EVALUACION DE TIEMPO DE ESPERA,
SERVICIO DE FUMIGACION,
SERVICIO DE GASFITERIA,
SERVICIO DE HOTELERIA,
SERVICIO DE IMAGEN INSTITUCIONAL,
SERVICIO DE IMPRESION,
SERVICIO DE IMPRESION FORMATO DE DDJJ,
SERVICIO DE INSCRIPCION,
SERVICIO DE INSTALACION,
SERVICIO DE INSTALACION CAJA FUERTE,
SERVICIO DE INSTALACION DE BACKLIGTH,
SERVICIO DE INSTALACION DE BANDEROLAS,
SERVICIO DE INSTALACION DE BANNER,
SERVICIO DE INSTALACION DE FLANGER,
SERVICIO DE INSTALACION DE FLUORESCENTES,
SERVICIO DE INSTALACION DE POZO A TIERRA,
SERVICIO DE INSTALACION DE TECHO,
SERVICIO DE INSTALACION DE UN SERVIDOR,
SERVICIO DE INSTALACION ELECTRICA,
SERVICIO DE INSTALACI”N ELECTRICA,
SERVICIO DE INTERNET MOVIL,
SERVICIO DE JARDINERIA,
SERVICIO DE LIMPIEZA,
SERVICIO DE MANTENIMIENTO DE IMPRESORA,
SERVICIO DE MANTENIMIENTO DE RELOJ,
SERVICIO DE MECANICO,
SERVICIO DE MENAJERIA,
SERVICIO DE MONITOREO,
SERVICIO DE NOTARIO PUBLICO,
SERVICIO DE NOTIFICACION,
SERVICIO DE OF.IMAGEN INSTITUCIONAL,
SERVICIO DE ORDENAMIENTO DE EXPEDIENTES,
SERVICIO DE PAQUETE DE TURISTICO A TODO COSTO,
SERVICIO DE PERIFONEO,
SERVICIO DE PERITAJE,
SERVICIO DE PINTADO,
SERVICIO DE PLAQUERO,
SERVICIO DE PUBLICACION,
SERVICIO DE PUBLICIDAD EN RADIO,
SERVICIO DE PUBLICIDAD EN REVISTAS.,
SERVICIO DE PUBLICIDAD TELEVISIVA,
SERVICIO DE RECARGA DE GAS,
SERVICIO DE RECARGA DE TONER,
SERVICIO DE REMATE PUBLICO,
SERVICIO DE REPARACION,
SERVICIO DE REPARACION,
SERVICIO DE REPARACION DE AUTO,
SERVICIO DE REPARACION ELECTRICA,
SERVICIO DE REPARACION Y MANTENIMIENTO IMPRESORA,
SERVICIO DE RESTAURANT,
SERVICIO DE SISTEMA PUBLICACION DE MOROSIDAD,
SERVICIO DE SOLDADURA,
SERVICIO DE TALLER MOTIVACION,
SERVICIO DE TASACION,
SERVICIO DE TECNICO ELECTRICISTA,
SERVICIO DE TELEVISION,
SERVICIO DE TRANSPORTE,
SERVICIO DE TRANSPORTE AEREO,
SERVICIO DE TUMBADO DE PARED,
SERVICIO DE VERIFICACION,
SERVICIO DE VOLANTEO,
SERVICIO DE VOLANTEO/PERIFONEO,
SERVICIO DE ZANCO (VOLANTEO),
SERVICIO DIGITACION PADRONES DDJJ 2008,
SERVICIO DOMINIO,
SERVICIO EMPASTADO DE PLANILLA,
SERVICIO EMPASTADO E IMPRESION DE LIBROS,
SERVICIO EN INFRAESTRUCTURA TECNOLOGIA DE INFORMACION,
SERVICIO ESPECIALIZADO,
SERVICIO FORMATO PARA FOLDER,
SERVICIO IMP.CARTAS Y SOBRES MEMBRETADOS LOGO INFOCORP,
SERVICIO INFORMACION EN LINEA,
SERVICIO INSTALACION DE GIGANTOGRAFIAS,
SERVICIO POLICIAL,
SERVICIO PROFESIONAL (OF. ASESORIA LEGAL,
SERVICIO PROFESIONAL VIRTUAL,
SERVICIO SUPER CONTROL 55.,
SERVICIO TECNICO,
SERVICIO TECNICO DE ELECTRICISTA,
SERVICIO TECNICO ELECTRICISTA,
SERVICIO TECNICO ELECTRICO DE MOTOS,
SERVICIO VALORIZACION DE BIENES,
SERVICIOS ADICIONALES,
SERVICIOS PROFESIONALES,
SERVICIOS VARIOS,
SERVICIOS VARIOS AL DPTO. INFORMATICA,
SERVICO DE PERICIA CONTABLE,
SESION FOTOGRAFICA,
SEVIC.DE TAPIZADO/MANTENIENTO DE SILLAS,
SINCERAR PADRONES DEUDA DE MERCADOS,
"SISTEMA CONEXION DE AGUA 1"" BOMBA SS.HH.",
SOFTWARE,
SPEEDY NEGOCIOS,
SUBVENCION ECONOMICA,
SUJETAR TOLDO CON VARILLAS DE FIERRO,
SUMINISTRO E INSTALACION FILTROS DE AIRE,
SUPERVISION COMO EXPERTO INDEPENDIENTE,
SUSCRIPC. SIST. PERUANO INFORMAC. JURIDI,
"SUSCRIPCION ""ACTUALIDAD EMPRESARIAL""",
"SUSCRIPCION ""ACTUALIDAD GUBERNAMENTAL""",
"SUSCRIPCION ""CONTADORES & EMPRESAS""",
"SUSCRIPCION ""DIALOGO CON JURISPRUDENCIA""",
"SUSCRIPCION A DIARIO ""CORREO""",
SUSCRIPCION A INFORMATIVO,
SUSCRIPCION A INFORMATIVO CONTABLE,
"SUSCRIPCION AL DIARIO ""EL PERUANO""",
"SUSCRIPCION AL DIARIO ""EL TIEMPO""",
"SUSCRIPCION AL DIARIO ""LA HORA""",
SUSCRIPCION CAMARA DE COMERCIO DE PIURA,
SUSCRIPCION DE CONTRATOS DE TRABAJO,
"SUSCRIPCION DIARIO ""LA REPUBLICA""",
SUSCRIPCION REVISTA DE ACTUALIDAD JURIDICA,
SUSCRIPCION REVISTA DE LEGISLACION JUS.,
SUSCRIPCION SOLUCIONES LABORALES,
TALABARTERIA Y JOYERIAS,
TAPICERIA,
TAPICERIAS,
TASA AUTORIZACION CONVENIO PRACTICAS PREPROFESIONALES,
TASA CERTIFICACION SANEAMIENTO AMBIENTAL,
TASA DE AUTORIZACION,
TASA DE INSPECCION TECNICA,
TASA INSCRIPCION PREDIAL,
TASA POR ADDENDA DE CONTRATO TRABAJO,
TASA POR PRESENTACION CONTRATO TRABAJO,
TASA TUPA INDECOPI,
TASACION DE PREDIO URBANO,
TASACION DE VEHICULOS MENORES,
TELEFONIA A LARGA DISTANCIA,
TELEFONIA CELULAR (R.P.M.),
TELEFONIA FIJA,
TELEFONICA MOVILES S.A,
TELEFONICA PUBLICIDAD E INFORMACION,
TENDIDO RED DE DESAGUE EN SS.HH. MERCADO,
TORNO Y SER. MECANICO,
TRABAJO ADICIONAL EN SEÒALETICA,
TRABAJO AGREGADO EN PANEL DEL OVALO GRAU,
TRABAJO DE ALBA—ERIA,
TRABAJOS DE ESTRUCTURAS METALICAS,
TRABAJOS DE SOLDADURA ELECTRICA,
TRABAJOS ELECTRICIDAD INDUSTRIAL,
TRABAJOS EN MELAMINE,
TRABAJOS EN SISTEMA DRYWALL,
TRABAJOS EXTRAORDINARIOS,
TRANSP.-INSTALAR-RETIRO CAJA RECAUDADOR,
TRANSPORTE DE VALORES,
TRANSPORTE DE VEHICULOS,
TRANSPORTE TERRESTRE,
TRANSPORTE VEHICULAR (OPERATIVOS OM 012),
"TRANSPORTE, AGENCIAS",
TRIBUTIN,
VERIFICACION EMPADRONAMIENTO MERCADO,
VERIFICAR FLUIDO ELECTRICO EN U. MERCADO,
VIDRERIAS,
VULCANIZADOS,